<?xml version="1.0" encoding="UTF-8"?>
<project-private xmlns="http://www.netbeans.org/ns/project-private/1">
    <editor-bookmarks xmlns="http://www.netbeans.org/ns/editor-bookmarks/2" lastBookmarkId="0"/>
    <open-files xmlns="http://www.netbeans.org/ns/projectui-open-files/2">
        <group>
            <file>file:/Users/Mariano/Desktop/Recu/Astros/src/astros/Astros.java</file>
            <file>file:/Users/Mariano/Desktop/Recu/Astros/src/EstacionDeObservacion.java</file>
            <file>file:/Users/Mariano/Desktop/Recu/Astros/src/Cometa.java</file>
            <file>file:/Users/Mariano/Desktop/Recu/Astros/src/Planeta.java</file>
            <file>file:/Users/Mariano/Desktop/Recu/Astros/src/Estrella.java</file>
            <file>file:/Users/Mariano/Desktop/Recu/Astros/src/Astro.java</file>
            <file>file:/Users/Mariano/Desktop/Recu/Astros/src/AstroException.java</file>
            <file>file:/Users/Mariano/Desktop/Recu/Astros/src/ModificadorOrbita.java</file>
            <file>file:/Users/Mariano/Desktop/Recu/Astros/src/GeneradorCampoMagnetico.java</file>
            <file>file:/Users/Mariano/Desktop/Recu/Astros/src/TipoRadiacion.java</file>
        </group>
    </open-files>
</project-private>
